{
  "run_id": "inverse_20260125_074654",
  "timestamp": "20260125_074654",
  "mode": "demo",
  "config": {
    "target_warpage_um": 50.0,
    "tolerance_um": 10.0,
    "n_candidates": 200,
    "n_surrogate_top": 20,
    "n_verify": 5,
    "seed": 42
  },
  "summary": {
    "total_candidates": 200,
    "passed_filter": 200,
    "verified": 5,
    "passing": 5,
    "fem_runs_avoided": 195,
    "reduction_ratio": "200/5 = 40x"
  },
  "best_design": {
    "index": 137,
    "rank": 1,
    "coefficients": [
      0.44694322330268627,
      -0.14207988385017295,
      -0.02906003654306155,
      -0.06428297954086132,
      0.013053952165253999,
      -0.19728545062936012,
      0.14469474390171738,
      0.0733918710837442,
      -0.06295910183806955,
      -0.05500556277513026,
      0.036845120589656444,
      -0.08370544933123458,
      0.03776373242272166,
      -0.09628330583918683,
      0.07857598290184303,
      0.0907223020695368,
      -0.020366743098929968,
      -0.09039096061392832,
      -0.05860386456093834,
      0.08578010995726493,
      0.025195708134123307,
      -0.0024375363567715053,
      0.055293755888316753,
      -0.060081442481240824,
      -0.04246996539412437,
      0.04397178046782266,
      -0.05367590999181557,
      -0.0013437100769970733
    ],
    "predicted_warpage_um": 18.075943756103516,
    "uncertainty_um": 4.024228293698994,
    "density_hash": "0097ef22d2fa",
    "actual_warpage_um": 14.769943109984855,
    "passes_spec": true,
    "prediction_error_um": 3.3060006461186617
  },
  "verified_candidates": [
    {
      "index": 137,
      "rank": 1,
      "coefficients": [
        0.44694322330268627,
        -0.14207988385017295,
        -0.02906003654306155,
        -0.06428297954086132,
        0.013053952165253999,
        -0.19728545062936012,
        0.14469474390171738,
        0.0733918710837442,
        -0.06295910183806955,
        -0.05500556277513026,
        0.036845120589656444,
        -0.08370544933123458,
        0.03776373242272166,
        -0.09628330583918683,
        0.07857598290184303,
        0.0907223020695368,
        -0.020366743098929968,
        -0.09039096061392832,
        -0.05860386456093834,
        0.08578010995726493,
        0.025195708134123307,
        -0.0024375363567715053,
        0.055293755888316753,
        -0.060081442481240824,
        -0.04246996539412437,
        0.04397178046782266,
        -0.05367590999181557,
        -0.0013437100769970733
      ],
      "predicted_warpage_um": 18.075943756103516,
      "uncertainty_um": 4.024228293698994,
      "density_hash": "0097ef22d2fa",
      "actual_warpage_um": 14.769943109984855,
      "passes_spec": true,
      "prediction_error_um": 3.3060006461186617
    },
    {
      "index": 103,
      "rank": 2,
      "coefficients": [
        0.5763548067918958,
        -0.14444364660434936,
        -0.03469897247211677,
        0.005058633098729753,
        -0.0320866464969512,
        -0.15625371749592343,
        -0.1462930936530203,
        0.09501872347600673,
        -0.026617660240169996,
        -0.016406859967802563,
        0.023342201198987653,
        -0.049088438769274656,
        0.08302549910745771,
        -0.047204013146554036,
        0.02337692849643798,
        0.006579916434697214,
        -0.08838395181347719,
        -0.036931243328479454,
        -0.016149227728440255,
        -0.02899706901107625,
        -0.07137912506109155,
        0.04735122509611145,
        0.024032093268516658,
        0.08794239894962105,
        -0.0919228643629252,
        -0.04756781138535435,
        -0.020704396878977446,
        -0.06514918418388635
      ],
      "predicted_warpage_um": 19.908752059936525,
      "uncertainty_um": 2.222550195874627,
      "density_hash": "85d142f447ee",
      "actual_warpage_um": 18.373463576753608,
      "passes_spec": true,
      "prediction_error_um": 1.5352884831829172
    },
    {
      "index": 26,
      "rank": 3,
      "coefficients": [
        0.24663464647276473,
        0.0929678243974858,
        -0.0030834265987047804,
        0.04594903951742513,
        0.004710719705400615,
        -0.17076900875597986,
        -0.05812105690165309,
        0.07430181027439006,
        -0.01120702054152481,
        -0.04286804771252242,
        -0.060929417184785395,
        0.013583390366930861,
        0.030998339292325205,
        -0.0341120703709987,
        -0.04186276456374088,
        0.09499876693748807,
        0.07549183264418713,
        -0.0014895020065072012,
        -0.057333094161010636,
        -0.08843132702014646,
        -0.01778058113752659,
        -0.08684120370621495,
        0.08673965145658474,
        0.08567750955903228,
        0.09575751714697167,
        0.002520136599448941,
        -0.07968325835765881,
        0.04677174712453658
      ],
      "predicted_warpage_um": 19.492282485961915,
      "uncertainty_um": 3.7903013559249583,
      "density_hash": "d632d018396d",
      "actual_warpage_um": 17.798752030452327,
      "passes_spec": true,
      "prediction_error_um": 1.6935304555095883
    },
    {
      "index": 100,
      "rank": 4,
      "coefficients": [
        0.47300531455664646,
        -0.17098492583400088,
        -0.11208173875436458,
        0.08540414204926902,
        -0.07049521931998573,
        0.0915104699128878,
        -0.11865755982261149,
        0.09326897012685162,
        0.09981619187612153,
        -0.058110501964561564,
        -0.03002997616166589,
        -0.08787323993635389,
        0.057306494575643935,
        -0.028039946465617624,
        0.004971707694361879,
        0.024441325703524933,
        -0.011282534401286709,
        0.08240327364956807,
        0.07856539582431907,
        -0.09492331256231026,
        0.05371219098503863,
        0.03232085463156112,
        -0.0640540543116186,
        0.06604413946581109,
        0.012019242532091662,
        -0.09873907462901642,
        0.053534787528436434,
        0.07078000656067274
      ],
      "predicted_warpage_um": 19.39419765472412,
      "uncertainty_um": 4.579634225386455,
      "density_hash": "50de9198a831",
      "actual_warpage_um": 20.795656001682303,
      "passes_spec": true,
      "prediction_error_um": 1.401458346958183
    },
    {
      "index": 77,
      "rank": 5,
      "coefficients": [
        0.4067063501593554,
        -0.09455184768408163,
        0.055447763304543096,
        0.0509575420471719,
        0.03804142712994307,
        -0.06053042691222513,
        0.1652145299757965,
        0.07857489736800768,
        -0.05987941173348769,
        -0.006846893980351758,
        -0.04326249541914418,
        -0.09142597096481285,
        -0.06032780772069399,
        -0.09150251204933516,
        -0.08641774328636284,
        -0.06825737231305515,
        0.08749732067520394,
        -0.09915180173307883,
        -0.0033519299430229688,
        0.07143420978062592,
        0.020586591755610145,
        -0.0778239123610508,
        -0.08725672176153518,
        0.052030228421169,
        -0.025784722020851344,
        -0.01696759302599747,
        0.08716186344516971,
        0.012857896074148362
      ],
      "predicted_warpage_um": 20.90381317138672,
      "uncertainty_um": 2.4615920684209462,
      "density_hash": "5761c798db21",
      "actual_warpage_um": 17.558006712229552,
      "passes_spec": true,
      "prediction_error_um": 3.345806459157167
    }
  ]
}